,nke,cat,goog
0,0.0,0.0,-21.48271714032468
1,0.0,0.0,-5.723931041856645
2,0.0,13.409480627154302,0.0
3,-8.755799632979233,0.0,0.0
4,0.0,0.0,5.139048897977894
5,0.0,0.0,11.106032116846798
